Date,Venue,Location,Postcode,Players signed up,Players at last set champ,Travel time,Route link,Event link,Last set champ link,Price,Created
2026-06-20,The Graded Gallery,"33 Woodbridge Road, Birmingham, England, B13 8EH, GB",B13 8EH,12,N/A,10m,https://www.google.com/maps/dir/?api=1&origin=B4%207LN&destination=33%20Woodbridge%20Road%2C%20Birmingham%2C%20England%2C%20B13%208EH%2C%20GB,https://tcg.ravensburgerplay.com/events/674774,,£25.00,2026-06-15T00:21:51.877256
2026-06-20,The Games Den,"7 Park Street, Royal Leamington Spa, England, CV32 4QN, GB",CV32 4QN,16,11,42m,https://www.google.com/maps/dir/?api=1&origin=B4%207LN&destination=7%20Park%20Street%2C%20Royal%20Leamington%20Spa%2C%20England%2C%20CV32%204QN%2C%20GB,https://tcg.ravensburgerplay.com/events/617414,https://tcg.ravensburgerplay.com/events/358896,£7.50,2026-06-15T00:21:51.196316
2026-06-20,The Dice Cup,"68-70 Mansfield Road, Nottingham, England, NG1 3GY, GB",NG1 3GY,28,15,1h 5m,https://www.google.com/maps/dir/?api=1&origin=B4%207LN&destination=68-70%20Mansfield%20Road%2C%20Nottingham%2C%20England%2C%20NG1%203GY%2C%20GB,https://tcg.ravensburgerplay.com/events/567650,https://tcg.ravensburgerplay.com/events/454161,£12.00,2026-06-15T00:21:46.381829
2026-06-20,Sanctuary Gaming Centre,"Ashbrook House, Forest St, Sutton-in-Ashfield, England, NG17 1BE, GB",NG17 1BE,8,6,1h 13m,https://www.google.com/maps/dir/?api=1&origin=B4%207LN&destination=Ashbrook%20House%2C%20Forest%20St%2C%20Sutton-in-Ashfield%2C%20England%2C%20NG17%201BE%2C%20GB,https://tcg.ravensburgerplay.com/events/695533,https://tcg.ravensburgerplay.com/events/467661,£20.00,2026-06-16T21:08:46.377850
2026-06-20,Impact League TCG,"25, Waterborne Walk, Leighton Buzzard, England, LU7 1DH, GB",LU7 1DH,11,N/A,1h 32m,https://www.google.com/maps/dir/?api=1&origin=B4%207LN&destination=25%2C%20Waterborne%20Walk%2C%20Leighton%20Buzzard%2C%20England%2C%20LU7%201DH%2C%20GB,https://tcg.ravensburgerplay.com/events/675595,,£15.00,2026-06-15T00:21:52.923040
2026-06-20,Atomic Cards,"9 Hobley Dr, Swindon, England, SN3 4JG, GB",SN3 4JG,11,8,1h 41m,https://www.google.com/maps/dir/?api=1&origin=B4%207LN&destination=9%20Hobley%20Dr%2C%20Swindon%2C%20England%2C%20SN3%204JG%2C%20GB,https://tcg.ravensburgerplay.com/events/613103,https://tcg.ravensburgerplay.com/events/475353,£10.00,2026-06-15T00:21:49.934542
2026-06-20,Angle Gaming Lounge,"939 Lincoln Road, Peterborough, England, pe4 6af, GB",PE4 6AF,10,11,1h 42m,https://www.google.com/maps/dir/?api=1&origin=B4%207LN&destination=939%20Lincoln%20Road%2C%20Peterborough%2C%20England%2C%20pe4%206af%2C%20GB,https://tcg.ravensburgerplay.com/events/483033,https://tcg.ravensburgerplay.com/events/364627,£0.00,2026-06-15T00:21:49.398889
2026-06-20,Geek Retreat Chester,"Chester Retail Park, 5B, Old Seals Way, Chester, England, CH1 4RY, GB",CH1 4RY,16,8,1h 43m,https://www.google.com/maps/dir/?api=1&origin=B4%207LN&destination=Chester%20Retail%20Park%2C%205B%2C%20Old%20Seals%20Way%2C%20Chester%2C%20England%2C%20CH1%204RY%2C%20GB,https://tcg.ravensburgerplay.com/events/487431,https://tcg.ravensburgerplay.com/events/444113,£15.00,2026-06-15T00:21:41.662261
2026-06-20,Fan Boy Three,"25 Hilton Street, Greater Manchester, England, M1 1EL, GB",M1 1EL,14,23,1h 46m,https://www.google.com/maps/dir/?api=1&origin=B4%207LN&destination=25%20Hilton%20Street%2C%20Greater%20Manchester%2C%20England%2C%20M1%201EL%2C%20GB,https://tcg.ravensburgerplay.com/events/490545,https://tcg.ravensburgerplay.com/events/349932,£15.00,2026-06-15T00:21:48.123618
2026-06-20,Firestorm Games Newport,"Spytty Road, Tesco, Newport, NP19 4TX, GB",NP19 4TX,10,13,1h 53m,https://www.google.com/maps/dir/?api=1&origin=B4%207LN&destination=Spytty%20Road%2C%20Tesco%2C%20Newport%2C%20NP19%204TX%2C%20GB,https://tcg.ravensburgerplay.com/events/538400,https://tcg.ravensburgerplay.com/events/402561,£17.00,2026-06-15T00:21:42.388391
2026-06-20,LOST ARK GAMES LIMITED,"27-29 Market Place, STEVENAGE, England, SG1 1DH, GB",SG1 1DH,16,9,1h 57m,https://www.google.com/maps/dir/?api=1&origin=B4%207LN&destination=27-29%20Market%20Place%2C%20STEVENAGE%2C%20England%2C%20SG1%201DH%2C%20GB,https://tcg.ravensburgerplay.com/events/628133,https://tcg.ravensburgerplay.com/events/462330,£15.00,2026-06-15T00:21:43.514933
2026-06-20,The Brick Hut,"13, High St, Kirton in Lindsey, England, DN21 4LU, GB",DN21 4LU,15,5,2h 8m,https://www.google.com/maps/dir/?api=1&origin=B4%207LN&destination=13%2C%20High%20St%2C%20Kirton%20in%20Lindsey%2C%20England%2C%20DN21%204LU%2C%20GB,https://tcg.ravensburgerplay.com/events/662437,https://tcg.ravensburgerplay.com/events/272572,£5.00,2026-06-15T00:21:47.515056
2026-06-20,Marquee Models,"71 Harvey Centre Approach, Harlow, England, CM201XS, GB",CM201XS,1,8,2h 18m,https://www.google.com/maps/dir/?api=1&origin=B4%207LN&destination=71%20Harvey%20Centre%20Approach%2C%20Harlow%2C%20England%2C%20CM201XS%2C%20GB,https://tcg.ravensburgerplay.com/events/503021,https://tcg.ravensburgerplay.com/events/395405,£15.00,2026-06-15T00:21:44.043363
2026-06-20,Lionsheart Bookshop and Cafe,"67 Commercial Way, Woking, England, GU21 6HN, GB",GU21 6HN,20,8,2h 21m,https://www.google.com/maps/dir/?api=1&origin=B4%207LN&destination=67%20Commercial%20Way%2C%20Woking%2C%20England%2C%20GU21%206HN%2C%20GB,https://tcg.ravensburgerplay.com/events/578138,https://tcg.ravensburgerplay.com/events/481649,£15.00,2026-06-15T00:21:54.013826
2026-06-20,Hull Pops Gaming Centre,"Unit 26 Priory Tec Pk, Saxon Way, Hessle, England, HU13 9PB, GB",HU13 9PB,11,12,2h 27m,https://www.google.com/maps/dir/?api=1&origin=B4%207LN&destination=Unit%2026%20Priory%20Tec%20Pk%2C%20Saxon%20Way%2C%20Hessle%2C%20England%2C%20HU13%209PB%2C%20GB,https://tcg.ravensburgerplay.com/events/604282,https://tcg.ravensburgerplay.com/events/347311,£15.00,2026-06-15T00:21:52.409240
2026-06-20,The Nerd Hut,"11 Tavern Street, Unit 24, Sailmakers, Ipswich, England, IP1 3BB, GB",IP1 3BB,4,13,2h 48m,https://www.google.com/maps/dir/?api=1&origin=B4%207LN&destination=11%20Tavern%20Street%2C%20Unit%2024%2C%20Sailmakers%2C%20Ipswich%2C%20England%2C%20IP1%203BB%2C%20GB,https://tcg.ravensburgerplay.com/events/604552,https://tcg.ravensburgerplay.com/events/405765,£0.00,2026-06-15T00:21:45.223514
2026-06-20,ace comics southend,"28 Clarence Street, GROUND FLOOR, SOUTHEND-ON-SEA, England, SS11BD, GB",SS11BD,14,8,2h 54m,https://www.google.com/maps/dir/?api=1&origin=B4%207LN&destination=28%20Clarence%20Street%2C%20GROUND%20FLOOR%2C%20SOUTHEND-ON-SEA%2C%20England%2C%20SS11BD%2C%20GB,https://tcg.ravensburgerplay.com/events/607199,https://tcg.ravensburgerplay.com/events/435180,£10.00,2026-06-15T00:21:45.769323
2026-06-20,The Ludoquist,"63-67 High Street, London, England, CR0 1QE, GB",CR0 1QE,4,11,2h 55m,https://www.google.com/maps/dir/?api=1&origin=B4%207LN&destination=63-67%20High%20Street%2C%20London%2C%20England%2C%20CR0%201QE%2C%20GB,https://tcg.ravensburgerplay.com/events/594399,https://tcg.ravensburgerplay.com/events/472836,£0.20,2026-06-15T00:21:46.948269
2026-06-20,Zatu Gaming Centre,"40 Barnard Road, Bowthorpe Employment Area, England, NR5 9JB, GB",NR5 9JB,9,13,3h 0m,https://www.google.com/maps/dir/?api=1&origin=B4%207LN&destination=40%20Barnard%20Road%2C%20Bowthorpe%20Employment%20Area%2C%20England%2C%20NR5%209JB%2C%20GB,https://tcg.ravensburgerplay.com/events/594966,https://tcg.ravensburgerplay.com/events/280166,£15.00,2026-06-15T00:21:42.893759
2026-06-20,Famous Collectables,"19 Western Road, Bexhill-on-Sea, England, TN40 1DU, GB",TN40 1DU,15,9,3h 46m,https://www.google.com/maps/dir/?api=1&origin=B4%207LN&destination=19%20Western%20Road%2C%20Bexhill-on-Sea%2C%20England%2C%20TN40%201DU%2C%20GB,https://tcg.ravensburgerplay.com/events/645402,https://tcg.ravensburgerplay.com/events/465587,£15.00,2026-06-15T00:21:53.435651
2026-06-20,Bay Games ltd,"78 - 84 park view, Whitley Bay, NE26 2TH, GB",NE26 2TH,16,8,3h 58m,https://www.google.com/maps/dir/?api=1&origin=B4%207LN&destination=78%20-%2084%20park%20view%2C%20Whitley%20Bay%2C%20NE26%202TH%2C%20GB,https://tcg.ravensburgerplay.com/events/616580,https://tcg.ravensburgerplay.com/events/380784,£0.00,2026-06-06T22:02:28.341474
2026-06-20,Roll The Dice Cornwall C.I.C.,"8 Coinagehall St, Helston, England, TR13 8EB, GB",TR13 8EB,18,8,5h 4m,https://www.google.com/maps/dir/?api=1&origin=B4%207LN&destination=8%20Coinagehall%20St%2C%20Helston%2C%20England%2C%20TR13%208EB%2C%20GB,https://tcg.ravensburgerplay.com/events/487405,https://tcg.ravensburgerplay.com/events/412513,£15.00,2026-06-15T00:21:44.641636
2026-06-20,Accent Gaming,"179, St Clair St, Kirkcaldy, Scotland, KY1 2BX, GB",KY1 2BX,24,5,5h 57m,https://www.google.com/maps/dir/?api=1&origin=B4%207LN&destination=179%2C%20St%20Clair%20St%2C%20Kirkcaldy%2C%20Scotland%2C%20KY1%202BX%2C%20GB,https://tcg.ravensburgerplay.com/events/604514,https://tcg.ravensburgerplay.com/events/460886,£15.00,2026-06-15T00:21:48.682561
2026-06-20,Northern Card Gaming,"142 Frances Street, Ards and North Down, Newtownards, Northern Ireland, BT23 7DY, GB",BT23 7DY,12,13,8h 42m,https://www.google.com/maps/dir/?api=1&origin=B4%207LN&destination=142%20Frances%20Street%2C%20Ards%20and%20North%20Down%2C%20Newtownards%2C%20Northern%20Ireland%2C%20BT23%207DY%2C%20GB,https://tcg.ravensburgerplay.com/events/490063,https://tcg.ravensburgerplay.com/events/418920,£20.00,2026-06-15T00:21:50.543087

2026-06-21,Geek Retreat Dudley,"195 High Street, Dudley, West Midlands, DY1 1QE, GB",DY1 1QE,15,8,21m,https://www.google.com/maps/dir/?api=1&origin=B4%207LN&destination=195%20High%20Street%2C%20Dudley%2C%20West%20Midlands%2C%20DY1%201QE%2C%20GB,https://tcg.ravensburgerplay.com/events/609862,https://tcg.ravensburgerplay.com/events/449042,£10.00,2026-06-15T00:21:57.089504
2026-06-21,Manaforge Games,"5, Babington Ln, Derby, England, DE1 1SU, GB",DE1 1SU,17,8,54m,https://www.google.com/maps/dir/?api=1&origin=B4%207LN&destination=5%2C%20Babington%20Ln%2C%20Derby%2C%20England%2C%20DE1%201SU%2C%20GB,https://tcg.ravensburgerplay.com/events/622469,https://tcg.ravensburgerplay.com/events/428703,£0.12,2026-06-15T00:21:57.725109
2026-06-21,Black Dragon Games Ltd,"17 Burton Street, Melton Mowbray, England, le13 1ae, GB",LE13 1AE,16,34,1h 13m,https://www.google.com/maps/dir/?api=1&origin=B4%207LN&destination=17%20Burton%20Street%2C%20Melton%20Mowbray%2C%20England%2C%20le13%201ae%2C%20GB,https://tcg.ravensburgerplay.com/events/483955,https://tcg.ravensburgerplay.com/events/448962,£15.99,2026-06-15T00:21:54.631977
2026-06-21,TridentCards Mansfield,"Queen St, Mansfield, England, NG18 1JN, GB",NG18 1JN,20,16,1h 17m,https://www.google.com/maps/dir/?api=1&origin=B4%207LN&destination=Queen%20St%2C%20Mansfield%2C%20England%2C%20NG18%201JN%2C%20GB,https://tcg.ravensburgerplay.com/events/599482,https://tcg.ravensburgerplay.com/events/453299,£10.00,2026-06-15T00:21:55.870454
2026-06-21,Travelling Man Leeds,"32 Central Road, Leeds, England, ls1 6de, GB",LS1 6DE,24,8,2h 14m,https://www.google.com/maps/dir/?api=1&origin=B4%207LN&destination=32%20Central%20Road%2C%20Leeds%2C%20England%2C%20ls1%206de%2C%20GB,https://tcg.ravensburgerplay.com/events/604401,https://tcg.ravensburgerplay.com/events/383277,£15.00,2026-06-15T00:21:56.468924
2026-06-21,Gordian Knot Games Ltd,"Town Pier Square, Gravesend, England, DA11 0BJ, GB",DA11 0BJ,12,8,2h 47m,https://www.google.com/maps/dir/?api=1&origin=B4%207LN&destination=Town%20Pier%20Square%2C%20Gravesend%2C%20England%2C%20DA11%200BJ%2C%20GB,https://tcg.ravensburgerplay.com/events/683687,https://tcg.ravensburgerplay.com/events/469669,£0.00,2026-06-15T00:21:58.931630
2026-06-21,A Fistful of Dice,"69 Elm Grove, Southsea, England, PO5 1JF, GB",PO5 1JF,16,12,3h 0m,https://www.google.com/maps/dir/?api=1&origin=B4%207LN&destination=69%20Elm%20Grove%2C%20Southsea%2C%20England%2C%20PO5%201JF%2C%20GB,https://tcg.ravensburgerplay.com/events/667653,https://tcg.ravensburgerplay.com/events/485382,£20.00,2026-06-15T00:21:59.443865
2026-06-21,Planet JJs Geekery,"11 Quarry Hill Parade, Kent, England, TN9 2HR, GB",TN9 2HR,8,8,3h 0m,https://www.google.com/maps/dir/?api=1&origin=B4%207LN&destination=11%20Quarry%20Hill%20Parade%2C%20Kent%2C%20England%2C%20TN9%202HR%2C%20GB,https://tcg.ravensburgerplay.com/events/627913,https://tcg.ravensburgerplay.com/events/457692,£10.00,2026-06-15T00:22:01.337494
2026-06-21,Northumbrian Tin Soldier Limited,"21 West Percy Street, West Percy Street, North Shields, England, ne29 0dw, GB",NE29 0DW,6,8,3h 52m,https://www.google.com/maps/dir/?api=1&origin=B4%207LN&destination=21%20West%20Percy%20Street%2C%20West%20Percy%20Street%2C%20North%20Shields%2C%20England%2C%20ne29%200dw%2C%20GB,https://tcg.ravensburgerplay.com/events/605111,https://tcg.ravensburgerplay.com/events/434959,£15.00,2026-06-15T00:22:00.717521
2026-06-21,Castle Comics UK ltd,"Princes Mall, East Kilbride, Scotland, G74 1LB, GB",G74 1LB,18,12,5h 10m,https://www.google.com/maps/dir/?api=1&origin=B4%207LN&destination=Princes%20Mall%2C%20East%20Kilbride%2C%20Scotland%2C%20G74%201LB%2C%20GB,https://tcg.ravensburgerplay.com/events/683505,https://tcg.ravensburgerplay.com/events/323889,£15.00,2026-06-15T00:21:58.309390
2026-06-21,Knightly Gaming,"2-6 Hopetoun Street, Bathgate, Scotland, EH48 4EU, GB",EH48 4EU,16,18,5h 22m,https://www.google.com/maps/dir/?api=1&origin=B4%207LN&destination=2-6%20Hopetoun%20Street%2C%20Bathgate%2C%20Scotland%2C%20EH48%204EU%2C%20GB,https://tcg.ravensburgerplay.com/events/526125,https://tcg.ravensburgerplay.com/events/483545,£16.00,2026-06-15T00:21:55.202490
2026-06-21,Replay,"97 High Street, Bangor, Northern Ireland, bt20 5bd, GB",BT20 5BD,9,13,8h 50m,https://www.google.com/maps/dir/?api=1&origin=B4%207LN&destination=97%20High%20Street%2C%20Bangor%2C%20Northern%20Ireland%2C%20bt20%205bd%2C%20GB,https://tcg.ravensburgerplay.com/events/567716,https://tcg.ravensburgerplay.com/events/434769,£20.00,2026-06-15T00:22:00.107348

2026-06-27,Good Game Limited,"64-65 High Street, Banbury, England, OX16 5JJ, GB",OX16 5JJ,10,24,1h 1m,https://www.google.com/maps/dir/?api=1&origin=B4%207LN&destination=64-65%20High%20Street%2C%20Banbury%2C%20England%2C%20OX16%205JJ%2C%20GB,https://tcg.ravensburgerplay.com/events/690649,https://tcg.ravensburgerplay.com/events/439322,£20.00,2026-06-14T15:04:25.186417
2026-06-27,Void Games,"Mirion Street, Unit 8, Brierley Business Centre , Crewe, England, CW1 2AZ, GB",CW1 2AZ,0,13,1h 7m,https://www.google.com/maps/dir/?api=1&origin=B4%207LN&destination=Mirion%20Street%2C%20Unit%208%2C%20Brierley%20Business%20Centre%20%2C%20Crewe%2C%20England%2C%20CW1%202AZ%2C%20GB,https://tcg.ravensburgerplay.com/events/639231,https://tcg.ravensburgerplay.com/events/469236,£15.00,2026-06-15T00:22:10.995619
2026-06-27,Pendulum Gaming,"2 Westgate, Grantham, England, NG31 6LT, GB",NG31 6LT,9,8,1h 32m,https://www.google.com/maps/dir/?api=1&origin=B4%207LN&destination=2%20Westgate%2C%20Grantham%2C%20England%2C%20NG31%206LT%2C%20GB,https://tcg.ravensburgerplay.com/events/589902,https://tcg.ravensburgerplay.com/events/430198,£15.00,2026-06-15T00:22:08.768608
2026-06-27,Onyx Dawn Games,"26 Saint Cuthbert's Street, St Cuthberts Arcade, Bedford, England, MK40 3JG, GB",MK40 3JG,8,15,1h 37m,https://www.google.com/maps/dir/?api=1&origin=B4%207LN&destination=26%20Saint%20Cuthbert%27s%20Street%2C%20St%20Cuthberts%20Arcade%2C%20Bedford%2C%20England%2C%20MK40%203JG%2C%20GB,https://tcg.ravensburgerplay.com/events/662755,https://tcg.ravensburgerplay.com/events/457331,£15.00,2026-06-15T00:22:09.855403
2026-06-27,Mystic Games Ltd,"Woolgate Shopping Centre, unit 11 , Witney, England, OX286AP, GB",OX286AP,6,13,1h 38m,https://www.google.com/maps/dir/?api=1&origin=B4%207LN&destination=Woolgate%20Shopping%20Centre%2C%20unit%2011%20%2C%20Witney%2C%20England%2C%20OX286AP%2C%20GB,https://tcg.ravensburgerplay.com/events/583482,https://tcg.ravensburgerplay.com/events/359381,£16.00,2026-06-15T00:22:06.920668
2026-06-27,JustPlay,"61 Tithebarn Street, Liverpool, England, L2 2SB, GB",L2 2SB,6,16,1h 54m,https://www.google.com/maps/dir/?api=1&origin=B4%207LN&destination=61%20Tithebarn%20Street%2C%20Liverpool%2C%20England%2C%20L2%202SB%2C%20GB,https://tcg.ravensburgerplay.com/events/607425,https://tcg.ravensburgerplay.com/events/402470,£18.99,2026-06-15T00:22:12.150432
2026-06-27,Living Realms Castleford,"Union Street, 4-5, Wakefield, England, WF1 3AD, GB",WF1 3AD,16,18,2h 3m,https://www.google.com/maps/dir/?api=1&origin=B4%207LN&destination=Union%20Street%2C%204-5%2C%20Wakefield%2C%20England%2C%20WF1%203AD%2C%20GB,https://tcg.ravensburgerplay.com/events/583223,https://tcg.ravensburgerplay.com/events/443960,£15.00,2026-06-15T00:22:08.160412
2026-06-27,Eclectic Games,"21 Duke Street, Reading, RG1 4SA, GB",RG1 4SA,2,19,2h 8m,https://www.google.com/maps/dir/?api=1&origin=B4%207LN&destination=21%20Duke%20Street%2C%20Reading%2C%20RG1%204SA%2C%20GB,https://tcg.ravensburgerplay.com/events/612103,https://tcg.ravensburgerplay.com/events/432783,£20.00,2026-06-15T00:22:04.416424
2026-06-27,Collecteebles,"28a, Chantry Centre, Andover, England, SP10 1LS, GB",SP10 1LS,10,16,2h 20m,https://www.google.com/maps/dir/?api=1&origin=B4%207LN&destination=28a%2C%20Chantry%20Centre%2C%20Andover%2C%20England%2C%20SP10%201LS%2C%20GB,https://tcg.ravensburgerplay.com/events/638278,https://tcg.ravensburgerplay.com/events/348804,£10.00,2026-06-15T00:22:02.983947
2026-06-27,Triple Helix Wargames,"Cory Way, Unit 10, Westbury, England, BA13 4QT, GB",BA13 4QT,10,9,2h 23m,https://www.google.com/maps/dir/?api=1&origin=B4%207LN&destination=Cory%20Way%2C%20Unit%2010%2C%20Westbury%2C%20England%2C%20BA13%204QT%2C%20GB,https://tcg.ravensburgerplay.com/events/494363,https://tcg.ravensburgerplay.com/events/397182,£15.00,2026-06-15T00:22:01.817949
2026-06-27,Dice Pit,"Maritime Industrial Estate, Gelliwion Rd, Pontypridd CF37 1NY, UK",CF37 1NY,4,N/A,2h 23m,https://www.google.com/maps/dir/?api=1&origin=B4%207LN&destination=Maritime%20Industrial%20Estate%2C%20Gelliwion%20Rd%2C%20Pontypridd%20CF37%201NY%2C%20UK,https://tcg.ravensburgerplay.com/events/647169,,£17.00,2026-06-15T00:22:06.010719
2026-06-27,Fazpack Ltd,"13-17 All Hallows Road, Bispham, England, FY2 0AS, GB",FY2 0AS,20,8,2h 24m,https://www.google.com/maps/dir/?api=1&origin=B4%207LN&destination=13-17%20All%20Hallows%20Road%2C%20Bispham%2C%20England%2C%20FY2%200AS%2C%20GB,https://tcg.ravensburgerplay.com/events/597115,https://tcg.ravensburgerplay.com/events/416254,£10.00,2026-06-15T00:22:16.459138
2026-06-27,Lazy Dragon Gaming,"231, Dickson Rd, Blackpool, England, FY1 2JH, GB",FY1 2JH,20,11,2h 25m,https://www.google.com/maps/dir/?api=1&origin=B4%207LN&destination=231%2C%20Dickson%20Rd%2C%20Blackpool%2C%20England%2C%20FY1%202JH%2C%20GB,https://tcg.ravensburgerplay.com/events/487790,https://tcg.ravensburgerplay.com/events/400819,£0.00,2026-06-15T00:22:19.159822
2026-06-27,Drinks and Dice,"10, Church Rd, London, England, TW11 8PB, GB",TW11 8PB,16,8,2h 26m,https://www.google.com/maps/dir/?api=1&origin=B4%207LN&destination=10%2C%20Church%20Rd%2C%20London%2C%20England%2C%20TW11%208PB%2C%20GB,https://tcg.ravensburgerplay.com/events/559092,https://tcg.ravensburgerplay.com/events/307190,£25.00,2026-06-15T00:22:17.935392
2026-06-27,The Gamers Guild,"12 Linkfield Corner, Redhill, England, RH1 1BB, GB",RH1 1BB,10,11,2h 38m,https://www.google.com/maps/dir/?api=1&origin=B4%207LN&destination=12%20Linkfield%20Corner%2C%20Redhill%2C%20England%2C%20RH1%201BB%2C%20GB,https://tcg.ravensburgerplay.com/events/631049,https://tcg.ravensburgerplay.com/events/398828,£0.00,2026-06-15T00:22:06.360275
2026-06-27,The Movie Shack,"2 Mayplace Rd W, Bexleyheath, England, DA7 4JB, GB",DA7 4JB,9,N/A,2h 43m,https://www.google.com/maps/dir/?api=1&origin=B4%207LN&destination=2%20Mayplace%20Rd%20W%2C%20Bexleyheath%2C%20England%2C%20DA7%204JB%2C%20GB,https://tcg.ravensburgerplay.com/events/623182,,£15.00,2026-06-15T00:22:14.042713
2026-06-27,The Card Corner,"Vesta House Roman Bank, Skegness, England, PE25 2SG, GB",PE25 2SG,15,13,2h 45m,https://www.google.com/maps/dir/?api=1&origin=B4%207LN&destination=Vesta%20House%20Roman%20Bank%2C%20Skegness%2C%20England%2C%20PE25%202SG%2C%20GB,https://tcg.ravensburgerplay.com/events/638535,https://tcg.ravensburgerplay.com/events/397326,£15.00,2026-06-15T00:22:14.760676
2026-06-27,Nerd Base,"Knightswick Road, Canvey Island, England, SS8 7AD, GB",SS8 7AD,0,16,2h 48m,https://www.google.com/maps/dir/?api=1&origin=B4%207LN&destination=Knightswick%20Road%2C%20Canvey%20Island%2C%20England%2C%20SS8%207AD%2C%20GB,https://tcg.ravensburgerplay.com/events/567507,https://tcg.ravensburgerplay.com/events/349716,£0.00,2026-06-15T00:22:02.380316
2026-06-27,Board on the Waterside,"The Exchange, Beaulieu Rd, Dibden Purlieu, England, SO45 4PX, GB",SO45 4PX,8,N/A,2h 50m,https://www.google.com/maps/dir/?api=1&origin=B4%207LN&destination=The%20Exchange%2C%20Beaulieu%20Rd%2C%20Dibden%20Purlieu%2C%20England%2C%20SO45%204PX%2C%20GB,https://tcg.ravensburgerplay.com/events/627907,,£15.00,2026-06-15T00:22:18.493617
2026-06-27,Eclipse Gaming Limited,"39 Railway Street, Chatham, England, ME44RH, GB",ME44RH,1,8,2h 54m,https://www.google.com/maps/dir/?api=1&origin=B4%207LN&destination=39%20Railway%20Street%2C%20Chatham%2C%20England%2C%20ME44RH%2C%20GB,https://tcg.ravensburgerplay.com/events/692538,https://tcg.ravensburgerplay.com/events/494436,£20.00,2026-06-15T12:29:25.752996
2026-06-27,Athena Games,"9, St Gregory's Alley, Norwich, England, NR2 1ER, GB",NR2 1ER,4,18,3h 1m,https://www.google.com/maps/dir/?api=1&origin=B4%207LN&destination=9%2C%20St%20Gregory%27s%20Alley%2C%20Norwich%2C%20England%2C%20NR2%201ER%2C%20GB,https://tcg.ravensburgerplay.com/events/547878,https://tcg.ravensburgerplay.com/events/437072,£18.00,2026-06-15T00:22:07.591645
2026-06-27,Comics Games & Coffee Chichester,"North Street, Chichester, England, PO19 1LR, GB",PO19 1LR,0,N/A,3h 11m,https://www.google.com/maps/dir/?api=1&origin=B4%207LN&destination=North%20Street%2C%20Chichester%2C%20England%2C%20PO19%201LR%2C%20GB,https://tcg.ravensburgerplay.com/events/675625,,£15.00,2026-06-15T00:22:15.375002
2026-06-27,Dice Saloon Ltd,"88 London Road, Brighton, England, BN1 4JF, GB",BN1 4JF,11,14,3h 17m,https://www.google.com/maps/dir/?api=1&origin=B4%207LN&destination=88%20London%20Road%2C%20Brighton%2C%20England%2C%20BN1%204JF%2C%20GB,https://tcg.ravensburgerplay.com/events/547466,https://tcg.ravensburgerplay.com/events/443792,£13.50,2026-06-15T00:22:03.517564
2026-06-27,The Consulting Gamer,"2 Chapel Mews, Ashford , England, TN24 8JN, GB",TN24 8JN,4,21,3h 20m,https://www.google.com/maps/dir/?api=1&origin=B4%207LN&destination=2%20Chapel%20Mews%2C%20Ashford%20%2C%20England%2C%20TN24%208JN%2C%20GB,https://tcg.ravensburgerplay.com/events/540452,https://tcg.ravensburgerplay.com/events/435237,£10.00,2026-06-15T00:22:05.647435
2026-06-27,Boss Miniatures and Gaming Ltd,"27-28 King Street, Weymouth, England, DT4 7BQ, GB",DT4 7BQ,3,N/A,3h 38m,https://www.google.com/maps/dir/?api=1&origin=B4%207LN&destination=27-28%20King%20Street%2C%20Weymouth%2C%20England%2C%20DT4%207BQ%2C%20GB,https://tcg.ravensburgerplay.com/events/670072,,£15.00,2026-06-15T00:22:19.781316
2026-06-27,The Arena,"4, Main St, Brightons, Scotland, FK2 0JT, GB",FK2 0JT,13,16,5h 29m,https://www.google.com/maps/dir/?api=1&origin=B4%207LN&destination=4%2C%20Main%20St%2C%20Brightons%2C%20Scotland%2C%20FK2%200JT%2C%20GB,https://tcg.ravensburgerplay.com/events/604266,https://tcg.ravensburgerplay.com/events/449108,£12.00,2026-06-15T00:22:15.808084
2026-06-27,Bus Stop Toy Shop Ltd,"23 Irvine Rd, Largs, Scotland, KA30 8HR, GB",KA30 8HR,9,9,5h 53m,https://www.google.com/maps/dir/?api=1&origin=B4%207LN&destination=23%20Irvine%20Rd%2C%20Largs%2C%20Scotland%2C%20KA30%208HR%2C%20GB,https://tcg.ravensburgerplay.com/events/580158,https://tcg.ravensburgerplay.com/events/451529,£0.00,2026-06-15T00:22:17.060897
2026-06-27,Out of this Galaxy,"23 Scott Street, Perth, Scotland, PH1 5EH, GB",PH1 5EH,18,20,6h 8m,https://www.google.com/maps/dir/?api=1&origin=B4%207LN&destination=23%20Scott%20Street%2C%20Perth%2C%20Scotland%2C%20PH1%205EH%2C%20GB,https://tcg.ravensburgerplay.com/events/613592,https://tcg.ravensburgerplay.com/events/441328,£15.00,2026-06-15T00:22:11.470704
2026-06-27,Forbidden Planet International,"28, St Peters St, Derby, England, DE1 1SL, GB",DE1 1SL,12,7,N/A,https://www.google.com/maps/dir/?api=1&origin=B4%207LN&destination=28%2C%20St%20Peters%20St%2C%20Derby%2C%20England%2C%20DE1%201SL%2C%20GB,https://tcg.ravensburgerplay.com/events/607627,https://tcg.ravensburgerplay.com/events/434715,£10.00,2026-06-15T00:22:09.303078
2026-06-27,Puca Puca Games,"11 Great James Street, Derry and Strabane, Northern Ireland, BT48 7BZ, GB",BT48 7BZ,4,N/A,N/A,https://www.google.com/maps/dir/?api=1&origin=B4%207LN&destination=11%20Great%20James%20Street%2C%20Derry%20and%20Strabane%2C%20Northern%20Ireland%2C%20BT48%207BZ%2C%20GB,https://tcg.ravensburgerplay.com/events/485664,,£0.10,2026-06-15T00:22:10.377443

2026-06-28,Game Guru (Utilita Arena),"King Edwards Rd, Birmingham, England, B1 2AA, GB",B1 2AA,16,N/A,6m,https://www.google.com/maps/dir/?api=1&origin=B4%207LN&destination=King%20Edwards%20Rd%2C%20Birmingham%2C%20England%2C%20B1%202AA%2C%20GB,https://tcg.ravensburgerplay.com/events/585900,,£20.00,2026-06-15T00:22:33.638537
2026-06-28,Top Dog Gaming,"Kinver Street, Shop 3, Wordsley, England, DY8 5AA, GB",DY8 5AA,14,20,30m,https://www.google.com/maps/dir/?api=1&origin=B4%207LN&destination=Kinver%20Street%2C%20Shop%203%2C%20Wordsley%2C%20England%2C%20DY8%205AA%2C%20GB,https://tcg.ravensburgerplay.com/events/546987,https://tcg.ravensburgerplay.com/events/267645,£15.00,2026-06-15T00:22:24.833773
2026-06-28,Hokey Poke Games,"13, High St, Rugby, England, CV21 3BG, GB",CV21 3BG,8,12,42m,https://www.google.com/maps/dir/?api=1&origin=B4%207LN&destination=13%2C%20High%20St%2C%20Rugby%2C%20England%2C%20CV21%203BG%2C%20GB,https://tcg.ravensburgerplay.com/events/650515,https://tcg.ravensburgerplay.com/events/472395,£15.00,2026-06-15T00:22:28.764308
2026-06-28,Boards and Swords Hobbies,"3 Stores Rd, Derby, England, DE21 4BJ, GB",DE21 4BJ,11,17,56m,https://www.google.com/maps/dir/?api=1&origin=B4%207LN&destination=3%20Stores%20Rd%2C%20Derby%2C%20England%2C%20DE21%204BJ%2C%20GB,https://tcg.ravensburgerplay.com/events/604490,https://tcg.ravensburgerplay.com/events/495084,£12.00,2026-06-15T00:22:25.999897
2026-06-28,TheHiveGaming,"Church Lane, CHURCH LANE, BANBURY,OXON, England, OX16 5LR, GB",OX16 5LR,10,10,1h 1m,https://www.google.com/maps/dir/?api=1&origin=B4%207LN&destination=Church%20Lane%2C%20CHURCH%20LANE%2C%20BANBURY%2COXON%2C%20England%2C%20OX16%205LR%2C%20GB,https://tcg.ravensburgerplay.com/events/577361,https://tcg.ravensburgerplay.com/events/454816,£10.00,2026-06-15T00:22:21.768757
2026-06-28,Manascrew,"Sheep Street, 52 Sheep Street, Northampton, England, NN12LZ, GB",NN12LZ,7,10,1h 5m,https://www.google.com/maps/dir/?api=1&origin=B4%207LN&destination=Sheep%20Street%2C%2052%20Sheep%20Street%2C%20Northampton%2C%20England%2C%20NN12LZ%2C%20GB,https://tcg.ravensburgerplay.com/events/685761,https://tcg.ravensburgerplay.com/events/474615,£15.00,2026-06-15T00:22:21.211930
2026-06-28,Southern Inkz tattoo studio,"52, Queen St, Wellingborough, England, NN8 4JP, GB",NN8 4JP,8,N/A,1h 12m,https://www.google.com/maps/dir/?api=1&origin=B4%207LN&destination=52%2C%20Queen%20St%2C%20Wellingborough%2C%20England%2C%20NN8%204JP%2C%20GB,https://tcg.ravensburgerplay.com/events/651683,,£15.00,2026-06-15T00:22:26.626484
2026-06-28,Element Games,"Hallam Street, 1st floor, Stockport, England, sk2 6pt, GB",SK2 6PT,9,15,1h 38m,https://www.google.com/maps/dir/?api=1&origin=B4%207LN&destination=Hallam%20Street%2C%201st%20floor%2C%20Stockport%2C%20England%2C%20sk2%206pt%2C%20GB,https://tcg.ravensburgerplay.com/events/674934,https://tcg.ravensburgerplay.com/events/449441,£15.00,2026-06-15T00:22:20.336221
2026-06-28,Card Catcher Shop,"118, High St, Staple Hill, England, BS16 5HH, GB",BS16 5HH,12,14,1h 46m,https://www.google.com/maps/dir/?api=1&origin=B4%207LN&destination=118%2C%20High%20St%2C%20Staple%20Hill%2C%20England%2C%20BS16%205HH%2C%20GB,https://tcg.ravensburgerplay.com/events/608796,https://tcg.ravensburgerplay.com/events/281977,£15.00,2026-06-15T00:22:29.883847
2026-06-28,Bulwark Games,"2a Church Rd, Bebington, England, CH63 7PH, GB",CH63 7PH,17,12,1h 54m,https://www.google.com/maps/dir/?api=1&origin=B4%207LN&destination=2a%20Church%20Rd%2C%20Bebington%2C%20England%2C%20CH63%207PH%2C%20GB,https://tcg.ravensburgerplay.com/events/670018,https://tcg.ravensburgerplay.com/events/457545,£10.00,2026-06-15T00:22:23.559953
2026-06-28,Zombie Games Cafe,"15 Cricklewood Broadway, London, England, NW2 3JX, GB",NW2 3JX,2,N/A,2h 6m,https://www.google.com/maps/dir/?api=1&origin=B4%207LN&destination=15%20Cricklewood%20Broadway%2C%20London%2C%20England%2C%20NW2%203JX%2C%20GB,https://tcg.ravensburgerplay.com/events/511726,,£10.00,2026-06-15T00:22:28.235186
2026-06-28,Shuffle Board Game Cafe,"63 St Andrew's Street S, Bury St Edmunds, Bury Saint Edmunds IP33 1SD, UK",IP33 1SD,0,16,2h 19m,https://www.google.com/maps/dir/?api=1&origin=B4%207LN&destination=63%20St%20Andrew%27s%20Street%20S%2C%20Bury%20St%20Edmunds%2C%20Bury%20Saint%20Edmunds%20IP33%201SD%2C%20UK,https://tcg.ravensburgerplay.com/events/604365,https://tcg.ravensburgerplay.com/events/470627,£20.00,2026-06-15T00:22:22.368149
2026-06-28,The Kobolds Kettle,"8 Market Square, The Kobolds Kettle, Lytham St Annes, England, FY8 5LW, GB",FY8 5LW,13,12,2h 21m,https://www.google.com/maps/dir/?api=1&origin=B4%207LN&destination=8%20Market%20Square%2C%20The%20Kobolds%20Kettle%2C%20Lytham%20St%20Annes%2C%20England%2C%20FY8%205LW%2C%20GB,https://tcg.ravensburgerplay.com/events/558793,https://tcg.ravensburgerplay.com/events/408892,£12.00,2026-06-15T00:22:30.468817
2026-06-28,Hardwired-Games ,"London St, Basingstoke, England, RG21 7NY, GB",RG21 7NY,5,8,2h 21m,https://www.google.com/maps/dir/?api=1&origin=B4%207LN&destination=London%20St%2C%20Basingstoke%2C%20England%2C%20RG21%207NY%2C%20GB,https://tcg.ravensburgerplay.com/events/698268,https://tcg.ravensburgerplay.com/events/238486,£30.00,2026-06-17T18:28:34.415562
2026-06-28,Bridge Troll Boardgame Café,"10A Angel Hill, Tiverton, England, ex16 6pe, GB",EX16 6PE,12,16,2h 52m,https://www.google.com/maps/dir/?api=1&origin=B4%207LN&destination=10A%20Angel%20Hill%2C%20Tiverton%2C%20England%2C%20ex16%206pe%2C%20GB,https://tcg.ravensburgerplay.com/events/659586,https://tcg.ravensburgerplay.com/events/376607,£20.00,2026-06-15T00:22:24.245141
2026-06-28,KD Games,"32a High Street, West Sussex, England, BN43 5DA, GB",BN43 5DA,15,9,3h 18m,https://www.google.com/maps/dir/?api=1&origin=B4%207LN&destination=32a%20High%20Street%2C%20West%20Sussex%2C%20England%2C%20BN43%205DA%2C%20GB,https://tcg.ravensburgerplay.com/events/680436,https://tcg.ravensburgerplay.com/events/459384,£0.00,2026-06-15T00:22:27.711809
2026-06-28,Gamers@Hart,"Bovis House, Hartlepool, England, TS24 7SE, GB",TS24 7SE,8,8,3h 25m,https://www.google.com/maps/dir/?api=1&origin=B4%207LN&destination=Bovis%20House%2C%20Hartlepool%2C%20England%2C%20TS24%207SE%2C%20GB,https://tcg.ravensburgerplay.com/events/605506,https://tcg.ravensburgerplay.com/events/434753,£15.00,2026-06-15T00:22:34.313712
2026-06-28,Geek Retreat Hartlepool,"105 York Road, Hartlepool, England, TS26 9DH, GB",TS26 9DH,3,10,3h 26m,https://www.google.com/maps/dir/?api=1&origin=B4%207LN&destination=105%20York%20Road%2C%20Hartlepool%2C%20England%2C%20TS26%209DH%2C%20GB,https://tcg.ravensburgerplay.com/events/628556,https://tcg.ravensburgerplay.com/events/307099,£15.00,2026-06-15T00:22:31.749582
2026-06-28,Gotcha Geek,"7, Queen St, Deal, England, CT14 6ET, GB",CT14 6ET,10,12,3h 46m,https://www.google.com/maps/dir/?api=1&origin=B4%207LN&destination=7%2C%20Queen%20St%2C%20Deal%2C%20England%2C%20CT14%206ET%2C%20GB,https://tcg.ravensburgerplay.com/events/612428,https://tcg.ravensburgerplay.com/events/437733,£15.00,2026-06-15T00:22:31.082781
2026-06-28,Dark Star Gaming Limited ,"9 Moon St, Plymouth, England, PL4 0BB, GB",PL4 0BB,14,19,3h 50m,https://www.google.com/maps/dir/?api=1&origin=B4%207LN&destination=9%20Moon%20St%2C%20Plymouth%2C%20England%2C%20PL4%200BB%2C%20GB,https://tcg.ravensburgerplay.com/events/628884,https://tcg.ravensburgerplay.com/events/434674,£10.00,2026-06-15T00:22:25.464725
2026-06-28,Pete's Games,"5-7, Southgate St, Launceston, England, PL15 9DP, GB",PL15 9DP,8,12,3h 51m,https://www.google.com/maps/dir/?api=1&origin=B4%207LN&destination=5-7%2C%20Southgate%20St%2C%20Launceston%2C%20England%2C%20PL15%209DP%2C%20GB,https://tcg.ravensburgerplay.com/events/631456,https://tcg.ravensburgerplay.com/events/344706,£10.00,2026-06-15T00:22:27.161576
2026-06-28,Heroes,"Scarrots Lane, Unit 3, Newport, England, PO30 1JP, GB",PO30 1JP,0,8,4h 0m,https://www.google.com/maps/dir/?api=1&origin=B4%207LN&destination=Scarrots%20Lane%2C%20Unit%203%2C%20Newport%2C%20England%2C%20PO30%201JP%2C%20GB,https://tcg.ravensburgerplay.com/events/649871,https://tcg.ravensburgerplay.com/events/457732,£10.00,2026-06-15T00:22:34.919601
2026-06-28,Browns Toy Shop,"17b High Street, Bonnybridge, Scotland, FK4 1BX, GB",FK4 1BX,4,10,5h 25m,https://www.google.com/maps/dir/?api=1&origin=B4%207LN&destination=17b%20High%20Street%2C%20Bonnybridge%2C%20Scotland%2C%20FK4%201BX%2C%20GB,https://tcg.ravensburgerplay.com/events/635779,https://tcg.ravensburgerplay.com/events/448979,£20.00,2026-06-15T00:22:29.356227
2026-06-28,Game District Aberdeen,"177 Union Street, Aberdeen, Scotland, AB11 6BB, GB",AB11 6BB,2,N/A,7h 43m,https://www.google.com/maps/dir/?api=1&origin=B4%207LN&destination=177%20Union%20Street%2C%20Aberdeen%2C%20Scotland%2C%20AB11%206BB%2C%20GB,https://tcg.ravensburgerplay.com/events/635741,,£14.00,2026-06-15T00:22:32.784531
2026-06-28,Robins Hobby Cafe,"9, Queens Rd, Belfast, Northern Ireland, BT3 9DT, GB",BT3 9DT,6,12,8h 30m,https://www.google.com/maps/dir/?api=1&origin=B4%207LN&destination=9%2C%20Queens%20Rd%2C%20Belfast%2C%20Northern%20Ireland%2C%20BT3%209DT%2C%20GB,https://tcg.ravensburgerplay.com/events/558627,https://tcg.ravensburgerplay.com/events/387053,£15.00,2026-06-15T00:22:32.255820

2026-07-04,Geek Retreat Birmingham,"18 Hall Street, Birmingham, England, B18 6BS, GB",B18 6BS,16,8,3m,https://www.google.com/maps/dir/?api=1&origin=B4%207LN&destination=18%20Hall%20Street%2C%20Birmingham%2C%20England%2C%20B18%206BS%2C%20GB,https://tcg.ravensburgerplay.com/events/685914,https://tcg.ravensburgerplay.com/events/449045,£0.00,2026-06-15T00:22:39.181588
2026-07-04,Geek Retreat Kettering,"10-12 High Street, Kettering, England, NN16 8ST, GB",NN16 8ST,8,9,1h 5m,https://www.google.com/maps/dir/?api=1&origin=B4%207LN&destination=10-12%20High%20Street%2C%20Kettering%2C%20England%2C%20NN16%208ST%2C%20GB,https://tcg.ravensburgerplay.com/events/625159,https://tcg.ravensburgerplay.com/events/440043,£10.00,2026-06-15T00:22:39.758192
2026-07-04,Jack in a Box,"1a High Street, 1 Barclay Building, High Street, Ripley, England, DE5 3AA, GB",DE5 3AA,16,14,1h 5m,https://www.google.com/maps/dir/?api=1&origin=B4%207LN&destination=1a%20High%20Street%2C%201%20Barclay%20Building%2C%20High%20Street%2C%20Ripley%2C%20England%2C%20DE5%203AA%2C%20GB,https://tcg.ravensburgerplay.com/events/547776,https://tcg.ravensburgerplay.com/events/446583,£12.50,2026-06-15T00:22:40.397125
2026-07-04,Players Paradice,"19, St John's Terrace, Newport Pagnell, England, MK16 8HE, GB",MK16 8HE,3,18,1h 20m,https://www.google.com/maps/dir/?api=1&origin=B4%207LN&destination=19%2C%20St%20John%27s%20Terrace%2C%20Newport%20Pagnell%2C%20England%2C%20MK16%208HE%2C%20GB,https://tcg.ravensburgerplay.com/events/594455,https://tcg.ravensburgerplay.com/events/430842,£15.00,2026-06-15T00:22:37.145443
2026-07-04,Dark Fire Cafe,"Unit 8, The Gavel Centre, Porters Wood, Hertfordshire, England, AL3 6PQ, GB",AL3 6PQ,8,11,1h 49m,https://www.google.com/maps/dir/?api=1&origin=B4%207LN&destination=Unit%208%2C%20The%20Gavel%20Centre%2C%20Porters%20Wood%2C%20Hertfordshire%2C%20England%2C%20AL3%206PQ%2C%20GB,https://tcg.ravensburgerplay.com/events/586038,https://tcg.ravensburgerplay.com/events/308917,£7.50,2026-06-15T00:22:42.937852
2026-07-04,The Gamers Lodge,"61 Kempston St, Liverpool, England, L3 8ET, GB",L3 8ET,10,14,1h 52m,https://www.google.com/maps/dir/?api=1&origin=B4%207LN&destination=61%20Kempston%20St%2C%20Liverpool%2C%20England%2C%20L3%208ET%2C%20GB,https://tcg.ravensburgerplay.com/events/568392,https://tcg.ravensburgerplay.com/events/389632,£25.00,2026-06-15T00:22:40.997284
2026-07-04,Last Stand Games,"47, Market Pl, South Cave, England, HU15 2BS, GB",HU15 2BS,7,N/A,2h 17m,https://www.google.com/maps/dir/?api=1&origin=B4%207LN&destination=47%2C%20Market%20Pl%2C%20South%20Cave%2C%20England%2C%20HU15%202BS%2C%20GB,https://tcg.ravensburgerplay.com/events/634634,,£15.00,2026-06-15T00:22:42.399702
2026-07-04,Grim Dice Tabletop Gaming,"21 Wellowgate, Grimsby, England, DN32 0RA, GB",DN32 0RA,1,8,2h 35m,https://www.google.com/maps/dir/?api=1&origin=B4%207LN&destination=21%20Wellowgate%2C%20Grimsby%2C%20England%2C%20DN32%200RA%2C%20GB,https://tcg.ravensburgerplay.com/events/607552,https://tcg.ravensburgerplay.com/events/437153,£5.00,2026-06-15T00:22:36.001052
2026-07-04,The Brotherhood Games Ltd,"210-212 Southwark Park Rd., London, England, SE16 3RW, GB",SE16 3RW,7,27,2h 41m,https://www.google.com/maps/dir/?api=1&origin=B4%207LN&destination=210-212%20Southwark%20Park%20Rd.%2C%20London%2C%20England%2C%20SE16%203RW%2C%20GB,https://tcg.ravensburgerplay.com/events/580489,https://tcg.ravensburgerplay.com/events/410971,£20.00,2026-06-15T00:22:38.689891
2026-07-04,Union County Games Ltd,"21, Whipton Village Rd, Whipton, England, EX4 8AN, GB",EX4 8AN,16,22,3h 3m,https://www.google.com/maps/dir/?api=1&origin=B4%207LN&destination=21%2C%20Whipton%20Village%20Rd%2C%20Whipton%2C%20England%2C%20EX4%208AN%2C%20GB,https://tcg.ravensburgerplay.com/events/574954,https://tcg.ravensburgerplay.com/events/444067,£20.00,2026-06-15T00:22:35.353772
2026-07-04,Dice & Destiny,"79 Northgate, Canterbury, CT1 1BA, GB",CT1 1BA,3,22,3h 24m,https://www.google.com/maps/dir/?api=1&origin=B4%207LN&destination=79%20Northgate%2C%20Canterbury%2C%20CT1%201BA%2C%20GB,https://tcg.ravensburgerplay.com/events/588979,https://tcg.ravensburgerplay.com/events/427403,£10.00,2026-06-15T00:22:38.177215
2026-07-04,Chester Le Geek,"98, Front St, Chester-le-Street, England, DH3 3BA, GB",DH3 3BA,8,8,3h 35m,https://www.google.com/maps/dir/?api=1&origin=B4%207LN&destination=98%2C%20Front%20St%2C%20Chester-le-Street%2C%20England%2C%20DH3%203BA%2C%20GB,https://tcg.ravensburgerplay.com/events/694888,https://tcg.ravensburgerplay.com/events/330265,£25.00,2026-06-16T11:57:46.002289
2026-07-04,Get Decked Games,"63, South Bridge St, Airdrie, Scotland, ML6 6JH, GB",ML6 6JH,15,15,5h 13m,https://www.google.com/maps/dir/?api=1&origin=B4%207LN&destination=63%2C%20South%20Bridge%20St%2C%20Airdrie%2C%20Scotland%2C%20ML6%206JH%2C%20GB,https://tcg.ravensburgerplay.com/events/525626,https://tcg.ravensburgerplay.com/events/274762,£8.00,2026-06-15T00:22:37.660424
2026-07-04,Highlander Games Ltd,"102 Annfield Road, 102, Dundee, Scotland, DD1 5JH, GB",DD1 5JH,5,8,6h 30m,https://www.google.com/maps/dir/?api=1&origin=B4%207LN&destination=102%20Annfield%20Road%2C%20102%2C%20Dundee%2C%20Scotland%2C%20DD1%205JH%2C%20GB,https://tcg.ravensburgerplay.com/events/604450,https://tcg.ravensburgerplay.com/events/278673,£15.00,2026-06-15T00:22:41.620197
2026-07-04,Misfit Hobbies Coleraine,"22, Railway Rd, Coleraine, Northern Ireland, BT52 1PE, GB",BT52 1PE,2,14,9h 30m,https://www.google.com/maps/dir/?api=1&origin=B4%207LN&destination=22%2C%20Railway%20Rd%2C%20Coleraine%2C%20Northern%20Ireland%2C%20BT52%201PE%2C%20GB,https://tcg.ravensburgerplay.com/events/631040,https://tcg.ravensburgerplay.com/events/469086,£15.00,2026-06-15T00:22:36.473228

2026-07-05,Game Guru (Touchwood),"Unit SU52, Touchwood Shopping Centre, 25 Jubilee Walk, Solihull, B91 3HT, GB",B91 3HT,16,N/A,24m,https://www.google.com/maps/dir/?api=1&origin=B4%207LN&destination=Unit%20SU52%2C%20Touchwood%20Shopping%20Centre%2C%2025%20Jubilee%20Walk%2C%20Solihull%2C%20B91%203HT%2C%20GB,https://tcg.ravensburgerplay.com/events/675379,,£20.00,2026-06-15T00:22:53.819133
2026-07-05,Geek Retreat Burton,"169 High Street, Burton Upon Trent, England, DE14 1JE, GB",DE14 1JE,22,8,43m,https://www.google.com/maps/dir/?api=1&origin=B4%207LN&destination=169%20High%20Street%2C%20Burton%20Upon%20Trent%2C%20England%2C%20DE14%201JE%2C%20GB,https://tcg.ravensburgerplay.com/events/677811,https://tcg.ravensburgerplay.com/events/456187,£15.00,2026-06-15T00:22:53.268722
2026-07-05,Drewtopia LTD T/A Boardroom Gaming Cafe,"13 New Street, 13 New Street, Telford, England, TF1 1LU, GB",TF1 1LU,11,16,44m,https://www.google.com/maps/dir/?api=1&origin=B4%207LN&destination=13%20New%20Street%2C%2013%20New%20Street%2C%20Telford%2C%20England%2C%20TF1%201LU%2C%20GB,https://tcg.ravensburgerplay.com/events/575005,https://tcg.ravensburgerplay.com/events/381094,£20.00,2026-06-15T00:22:46.718780
2026-07-05,Toys & Games Worcester,"Broad Street, WORCESTER, England, WR1 3LR, GB",WR1 3LR,0,13,47m,https://www.google.com/maps/dir/?api=1&origin=B4%207LN&destination=Broad%20Street%2C%20WORCESTER%2C%20England%2C%20WR1%203LR%2C%20GB,https://tcg.ravensburgerplay.com/events/703129,https://tcg.ravensburgerplay.com/events/437165,£20.00,2026-06-19T16:06:19.865292
2026-07-05,Geek Retreat Northampton,"Weedon Road Industrial Estate, Tyne Rd, Northampton, England, NN5 5AF, GB",NN5 5AF,7,N/A,1h 2m,https://www.google.com/maps/dir/?api=1&origin=B4%207LN&destination=Weedon%20Road%20Industrial%20Estate%2C%20Tyne%20Rd%2C%20Northampton%2C%20England%2C%20NN5%205AF%2C%20GB,https://tcg.ravensburgerplay.com/events/607430,,£15.00,2026-06-15T00:22:50.997853
2026-07-05,Wargames Workshop MK,"18 Winchester Circle, Milton Keynes, Milton Keynes, England, MK10 0BA, GB",MK10 0BA,3,20,1h 17m,https://www.google.com/maps/dir/?api=1&origin=B4%207LN&destination=18%20Winchester%20Circle%2C%20Milton%20Keynes%2C%20Milton%20Keynes%2C%20England%2C%20MK10%200BA%2C%20GB,https://tcg.ravensburgerplay.com/events/594480,https://tcg.ravensburgerplay.com/events/430714,£15.00,2026-06-15T00:22:45.201482
2026-07-05,RECOLLECT,"65-67 Watergate Street, Chester, England, CH1 2LB, GB",CH1 2LB,8,12,1h 40m,https://www.google.com/maps/dir/?api=1&origin=B4%207LN&destination=65-67%20Watergate%20Street%2C%20Chester%2C%20England%2C%20CH1%202LB%2C%20GB,https://tcg.ravensburgerplay.com/events/670441,https://tcg.ravensburgerplay.com/events/481899,£5.00,2026-06-15T00:22:50.414237
2026-07-05,Firestorm Games Swindon,"121 Victoria Road, SWindon, England, Sn13bh, GB",SN13BH,1,8,1h 46m,https://www.google.com/maps/dir/?api=1&origin=B4%207LN&destination=121%20Victoria%20Road%2C%20SWindon%2C%20England%2C%20Sn13bh%2C%20GB,https://tcg.ravensburgerplay.com/events/694970,https://tcg.ravensburgerplay.com/events/281936,£0.00,2026-06-16T15:02:03.634246
2026-07-05,The Games Store,"10 Stonebow Centre, Lincoln, England, LN2 1DY, GB",LN2 1DY,0,16,1h 47m,https://www.google.com/maps/dir/?api=1&origin=B4%207LN&destination=10%20Stonebow%20Centre%2C%20Lincoln%2C%20England%2C%20LN2%201DY%2C%20GB,https://tcg.ravensburgerplay.com/events/582967,https://tcg.ravensburgerplay.com/events/429566,£15.00,2026-06-15T00:22:49.490198
2026-07-05,Geek Retreat Stevenage,"Park Place Plaza, Stevenage, England, SG1 1BF, GB",SG1 1BF,0,10,1h 58m,https://www.google.com/maps/dir/?api=1&origin=B4%207LN&destination=Park%20Place%20Plaza%2C%20Stevenage%2C%20England%2C%20SG1%201BF%2C%20GB,https://tcg.ravensburgerplay.com/events/547872,https://tcg.ravensburgerplay.com/events/279734,£15.00,2026-06-15T00:22:49.948175
2026-07-05,Duke's Gaming,"135 Osborne Road, Pontypool, Wales, NP4 6LT, GB",NP4 6LT,5,8,1h 59m,https://www.google.com/maps/dir/?api=1&origin=B4%207LN&destination=135%20Osborne%20Road%2C%20Pontypool%2C%20Wales%2C%20NP4%206LT%2C%20GB,https://tcg.ravensburgerplay.com/events/683575,https://tcg.ravensburgerplay.com/events/500319,£17.50,2026-06-15T00:22:44.207893
2026-07-05,Bath TCG,"4, Victoria Buildings, Lower Bristol Rd, Bath, England, BA2 3EH, GB",BA2 3EH,11,12,2h 6m,https://www.google.com/maps/dir/?api=1&origin=B4%207LN&destination=4%2C%20Victoria%20Buildings%2C%20Lower%20Bristol%20Rd%2C%20Bath%2C%20England%2C%20BA2%203EH%2C%20GB,https://tcg.ravensburgerplay.com/events/543401,https://tcg.ravensburgerplay.com/events/275770,£10.00,2026-06-15T00:22:48.925037
2026-07-05,G3 Toys,"High Street, Unit 33, The Sovereign, Weston-Super-Mare, England, BS23 1HL, GB",BS23 1HL,0,8,2h 7m,https://www.google.com/maps/dir/?api=1&origin=B4%207LN&destination=High%20Street%2C%20Unit%2033%2C%20The%20Sovereign%2C%20Weston-Super-Mare%2C%20England%2C%20BS23%201HL%2C%20GB,https://tcg.ravensburgerplay.com/events/627587,https://tcg.ravensburgerplay.com/events/455867,£15.00,2026-06-15T00:22:54.438246
2026-07-05,Kushti Comics,"RG21 7LN, Basingstoke RG22 7LN, UK BASINGSTOKE, HAMPSHIRE RG217LS UNITED KINGDOM",RG21 7LN,14,18,2h 20m,https://www.google.com/maps/dir/?api=1&origin=B4%207LN&destination=RG21%207LN%2C%20Basingstoke%20RG22%207LN%2C%20UK%0ABASINGSTOKE%2C%20HAMPSHIRE%0ARG217LS%0AUNITED%20KINGDOM,https://tcg.ravensburgerplay.com/events/608547,https://tcg.ravensburgerplay.com/events/441238,£15.00,2026-06-15T00:22:43.567650
2026-07-05,Food and Board,"32-42 Tudor Drive, Food and Board, Yateley, England, GU466BY, GB",GU466BY,22,15,2h 23m,https://www.google.com/maps/dir/?api=1&origin=B4%207LN&destination=32-42%20Tudor%20Drive%2C%20Food%20and%20Board%2C%20Yateley%2C%20England%2C%20GU466BY%2C%20GB,https://tcg.ravensburgerplay.com/events/589500,https://tcg.ravensburgerplay.com/events/451541,£15.00,2026-06-15T00:22:48.334714
2026-07-05,Firestorm Games Bridgend,"6 Caroline St, Bridgend, Wales, CF31 1DQ, GB",CF31 1DQ,1,10,2h 30m,https://www.google.com/maps/dir/?api=1&origin=B4%207LN&destination=6%20Caroline%20St%2C%20Bridgend%2C%20Wales%2C%20CF31%201DQ%2C%20GB,https://tcg.ravensburgerplay.com/events/617044,https://tcg.ravensburgerplay.com/events/288585,£0.00,2026-06-15T00:22:44.751394
2026-07-05,Bad Wolf Gaming UK,"37-38 Whitefriargate, Kingston Upon Hull, England, hu1 2hn, GB",HU1 2HN,8,2,2h 31m,https://www.google.com/maps/dir/?api=1&origin=B4%207LN&destination=37-38%20Whitefriargate%2C%20Kingston%20Upon%20Hull%2C%20England%2C%20hu1%202hn%2C%20GB,https://tcg.ravensburgerplay.com/events/487523,https://tcg.ravensburgerplay.com/events/303630,£0.00,2026-06-15T00:22:52.745172
2026-07-05,Board in the City CIC,"38-40 Onslow Road, Southampton, England, SO14 0JG, GB",SO14 0JG,10,13,2h 41m,https://www.google.com/maps/dir/?api=1&origin=B4%207LN&destination=38-40%20Onslow%20Road%2C%20Southampton%2C%20England%2C%20SO14%200JG%2C%20GB,https://tcg.ravensburgerplay.com/events/595134,https://tcg.ravensburgerplay.com/events/449165,£19.00,2026-06-15T00:22:52.191573
2026-07-05,Diss Games,"Unit V5, Diss, No, IP22 4HQ, UK",IP22 4HQ,17,8,2h 49m,https://www.google.com/maps/dir/?api=1&origin=B4%207LN&destination=Unit%20V5%2C%20Diss%2C%20No%2C%20IP22%204HQ%2C%20UK,https://tcg.ravensburgerplay.com/events/675217,https://tcg.ravensburgerplay.com/events/517665,£15.00,2026-06-15T00:22:45.978808
2026-07-05,Total Cards,"6 Maple Way, Newton Aycliffe, England, DL5 6BF, GB",DL5 6BF,3,N/A,3h 12m,https://www.google.com/maps/dir/?api=1&origin=B4%207LN&destination=6%20Maple%20Way%2C%20Newton%20Aycliffe%2C%20England%2C%20DL5%206BF%2C%20GB,https://tcg.ravensburgerplay.com/events/616999,,£14.95,2026-06-15T00:22:47.726909
2026-07-05,Comics Games & Coffee Worthing,"8 Montague Street, Worthing, England, BN11 1YJ, GB",BN11 1YJ,13,13,3h 23m,https://www.google.com/maps/dir/?api=1&origin=B4%207LN&destination=8%20Montague%20Street%2C%20Worthing%2C%20England%2C%20BN11%201YJ%2C%20GB,https://tcg.ravensburgerplay.com/events/700638,https://tcg.ravensburgerplay.com/events/387039,£15.00,2026-06-18T15:45:59.227961
2026-07-05,Geeks of the Galaxy,"51, Cheapside, Spennymoor, England, DL16 6QF, GB",DL16 6QF,6,16,3h 24m,https://www.google.com/maps/dir/?api=1&origin=B4%207LN&destination=51%2C%20Cheapside%2C%20Spennymoor%2C%20England%2C%20DL16%206QF%2C%20GB,https://tcg.ravensburgerplay.com/events/675220,https://tcg.ravensburgerplay.com/events/474277,£25.00,2026-06-15T00:22:47.196959
2026-07-05,Troll Trader Truro,"The Leats, The Leats, Truro, England, TR1 3AG, GB",TR1 3AG,6,8,4h 41m,https://www.google.com/maps/dir/?api=1&origin=B4%207LN&destination=The%20Leats%2C%20The%20Leats%2C%20Truro%2C%20England%2C%20TR1%203AG%2C%20GB,https://tcg.ravensburgerplay.com/events/700871,https://tcg.ravensburgerplay.com/events/363487,£5.00,2026-06-18T18:48:00.609597
2026-07-05,Accent Gaming (Dunfermline) LTD,"15 New Row, Dunfermline, Scotland, KY12 7EA, GB",KY12 7EA,12,8,5h 47m,https://www.google.com/maps/dir/?api=1&origin=B4%207LN&destination=15%20New%20Row%2C%20Dunfermline%2C%20Scotland%2C%20KY12%207EA%2C%20GB,https://tcg.ravensburgerplay.com/events/663657,https://tcg.ravensburgerplay.com/events/471420,£18.00,2026-06-15T00:22:51.550913
